<?xml version="1.0" encoding="utf-8"?>
<Window bktrans="true" size="500,262" caption="0,0,0,200" defaultfontcolor="#FF111111">
<Font index="0" name="微软雅黑" size="12" default="true"/>
<Font index="1" name="微软雅黑" size="12" bold="true"/>
<Font index="2" name="微软雅黑" size="16" bold="true"/>
<Font index="3" name="微软雅黑" size="13" />
<Font index="4" name="微软雅黑" size="13" bold="true"/>
<Font index="5" name="微软雅黑" size="30"/>
<VerticalLayout bkimage="file='popwndframe.png' corner='10,10,10,10'">
<VerticalLayout float="true" pos="10,10,490,252">
	<Label name="lbl_bk_blue" float="true" pos="0,0,480,242" bkimage="bg_dialog_blue.png" />
	<Label float="true" pos="7,8,85,29" bkimage="logo.png"/>
	<Label name="lbl_bk_blue" float="true" pos="15,65,455,140" bkimage="lbl_update.png" />
	
	<Option name="opt_no_tip" float="true" pos="10,175,73,187" selected="true"
		normalimage="file='opt_update.png' source='0,0,63,12'"
		hotimage="file='opt_update.png' source='63,0,126,12'"
		selectedimage="file='opt_update.png' source='126,0,189,12'"/>

	<HorizontalLayout name="hor_btn" float="true" pos="0,190,480,242">
		<Button name="btn_ok" float="true" pos="0,0,240,52" 
			normalimage="file='btn_update.png' source='0,0,240,52'"
			hotimage="file='btn_update.png' source='240,0,480,52'"
			pushedimage="file='btn_update.png' source='480,0,720,52'"/>
		<Label float="true" pos="240,0,241,52" bkcolor="#FFE4E4E4" />
		<Button name="btn_no" float="true" pos="241,0,480,52" 
			normalimage="file='btn_no_update.png' source='0,0,240,52'"
			hotimage="file='btn_no_update.png' source='240,0,480,52'"
			pushedimage="file='btn_no_update.png' source='480,0,720,52'"/>
	</HorizontalLayout>
	
	<Button name="closebtn" float="true" pos="455,5,475,25"
		normalimage="file='btn_close.png' source='0,0,20,20'"
		hotimage="file='btn_close.png' source='20,0,40,20'"
		pushedimage="file='btn_close.png' source='20,0,40,20'"/>
</VerticalLayout>
</VerticalLayout>
</Window>




