<?xml version="1.0" encoding="utf-8"?>
<Window bktrans="true" size="500,262" caption="0,0,0,200" defaultfontcolor="#FF111111">
	<Font index="0" name="方正兰亭纤黑_GBK" size="12" default="true"/>
	<Font index="1" name="方正兰亭纤黑_GBK" size="12" bold="true"/>
	<Font index="2" name="方正兰亭纤黑_GBK" size="16" bold="true"/>
	<Font index="3" name="方正兰亭纤黑_GBK" size="13" />
	<Font index="4" name="方正兰亭纤黑_GBK" size="13" bold="true"/>
	<Font index="5" name="方正兰亭纤黑_GBK" size="30"/>
	<VerticalLayout bkimage="file='popwndframe.png' corner='10,10,10,10'">
		<VerticalLayout float="true" pos="10,10,490,252">
			<Label name="lbl_bk_blue" float="true" pos="0,0,480,242" bkimage="bg_check_update.png" insert="1,1,1,1"></Label>
			<Label float="true" pos="7,8,85,29" bkimage="logo.png"></Label>

			<TabLayout name="tab_msg" float="true" pos="0,0,480,242" selectedid="0">
				<!-- page 0 正在升级-->
				<VerticalLayout >
					<Label float="true" pos="0,138,480,168" bkimage="text_msg\check_update.png"></Label>

					<AnimationRotate float="true" pos="213,66,267,120" bkimage="checking.png"></AnimationRotate>

				</VerticalLayout>


				<!-- page 1 网络异常, 重试-->
				<VerticalLayout >
					<Label float="true" pos="0,66,480,136" bkimage="text_msg\update_net_err.png"></Label>

					<HorizontalLayout float="true" pos="0,190,480,242">
						<Button name="btn_retry" float="true" pos="0,0,240,52" 
								normalimage="file='btn_retry_dialog.png' source='0,0,240,52'"
								hotimage="file='btn_retry_dialog.png' source='240,0,480,52'"
								pushedimage="file='btn_retry_dialog.png' source='480,0,720,52'"></Button>
						<Label float="true" pos="239,0,240,52" bkcolor="#FFE4E4E4" ></Label>
						<Button name="closebtn" float="true" pos="240,0,480,52" 
								normalimage="file='btn_close_dialog.png' source='0,0,240,52'"
								hotimage="file='btn_close_dialog.png' source='240,0,480,52'"
								pushedimage="file='btn_close_dialog.png' source='480,0,720,52'"></Button>
					</HorizontalLayout>
				</VerticalLayout>

				<!-- page 3 不需要升级-->
				<VerticalLayout >
					<Label float="true" pos="0,70,480,140" bkimage="text_msg\not_need.png"></Label>

					<Button name="closebtn" float="true" pos="0,190,480,242" bkcolor="#FFFFFFFF"
							normalimage="file='btn_ok_dialog_big.png' source='0,0,478,52' dest='1,0,479,242'"
							hotimage="file='btn_ok_dialog_big.png' source='478,0,956,52' dest='1,0,479,242'"
							pushedimage="file='btn_ok_dialog_big.png' source='956,0,1434,52' dest='1,0,479,242'"></Button>

				</VerticalLayout>

				<!--page 3 需要升级-->
				<VerticalLayout >
					<Label name="lbl_bk_blue" float="true" pos="0,0,480,242" bkimage="bg_dialog_blue.png" ></Label>
					<Label float="true" pos="7,8,85,29" bkimage="logo.png"></Label>
					<Label name="lbl_bk_blue" float="true" pos="15,65,455,140" bkimage="lbl_update.png" ></Label>

					<Option name="opt_no_tip" float="true" pos="10,175,73,187" selected="true"
							normalimage="file='opt_update.png' source='0,0,63,12'"
							hotimage="file='opt_update.png' source='63,0,126,12'"
							selectedimage="file='opt_update.png' source='126,0,189,12'"></Option>

					<HorizontalLayout name="hor_btn" float="true" pos="0,190,480,242">
						<Button name="btn_ok" float="true" pos="0,0,240,52" 
								normalimage="file='btn_update.png' source='0,0,240,52'"
								hotimage="file='btn_update.png' source='240,0,480,52'"
								pushedimage="file='btn_update.png' source='480,0,720,52'"></Button>
						<Label float="true" pos="240,0,241,52" bkcolor="#FFE4E4E4" ></Label>
						<Button name="btn_no" float="true" pos="240,0,480,52" 
								normalimage="file='btn_no_update.png' source='0,0,240,52'"
								hotimage="file='btn_no_update.png' source='240,0,480,52'"
								pushedimage="file='btn_no_update.png' source='480,0,720,52'"></Button>
					</HorizontalLayout>

				</VerticalLayout>


				<!--page 4 正在升级-->
				<VerticalLayout >
					<Label float="true" pos="0,70,481,100" bkimage="text_msg\updateing.png"></Label>


					<Progress name="prgrs" float="true" pos="10,160,471,170" bkimage="prgrs_bk.png" foreimage="file='prgrs.png' corner='6,0,6,0'" value="0" min="0" max="100" ></Progress>
					<Label name="inst_lbl_per" visible="false" float="true" pos="10,141" width="24" height="19" text="" bkimage="jindu_tip.png" align="center" valign="center" textpadding="0,0,0,0"></Label>


					<Button name="closebtn" float="true" pos="0,191,480,242" bkcolor="#FFFFFFFF"
							normalimage="file='btn_cancel_big.png' source='0,0,478,52' dest='1,0,479,242'"
							hotimage="file='btn_cancel_big.png' source='478,0,956,52' dest='1,0,479,242'"
							pushedimage="file='btn_cancel_big.png' source='956,0,1434,52' dest='1,0,479,242'"></Button>



				</VerticalLayout>
				
				<!-- page 5 失败-->
				<VerticalLayout >
					<Label float="true" pos="0,66,480,136" bkimage="text_msg\update_err.png"></Label>

					<HorizontalLayout float="true" pos="0,190,480,242">
						<Button name="btn_retry" float="true" pos="0,0,240,52" 
								normalimage="file='btn_retry_dialog.png' source='0,0,240,52'"
								hotimage="file='btn_retry_dialog.png' source='240,0,480,52'"
								pushedimage="file='btn_retry_dialog.png' source='480,0,720,52'"></Button>
						<Label float="true" pos="239,0,240,52" bkcolor="#FFE4E4E4" ></Label>
						<Button name="closebtn" float="true" pos="240,0,480,52" 
								normalimage="file='btn_close_dialog.png' source='0,0,240,52'"
								hotimage="file='btn_close_dialog.png' source='240,0,480,52'"
								pushedimage="file='btn_close_dialog.png' source='480,0,720,52'"></Button>
					</HorizontalLayout>
				</VerticalLayout>

			</TabLayout>

			<Label float="true" pos="7,8,85,29" bkimage="logo.png"/>

			<Button name="closebtn" float="true" pos="455,5,475,25"
					normalimage="file='btn_close.png' source='0,0,20,20'"
					hotimage="file='btn_close.png' source='20,0,40,20'"
					pushedimage="file='btn_close.png' source='20,0,40,20'"/>
		</VerticalLayout>
	</VerticalLayout>
</Window>




